Price,Close,High,Low,Open,Volume
Ticker,BTC=F,BTC=F,BTC=F,BTC=F,BTC=F
Date,,,,,
2021-04-26,54070.0,54410.0,47440.0,47440.0,8341
2021-04-27,54790.0,55420.0,52925.0,53370.0,5136
2021-04-28,55410.0,56500.0,53905.0,55265.0,6400
2021-04-29,52900.0,55205.0,52335.0,54725.0,5604
2021-04-30,56127.48828125,56565.0,53125.0,53255.0,6071
2021-05-03,57765.0,59305.0,56380.0,56985.0,5621
2021-05-04,54515.0,57755.0,53220.0,57390.0,8065
2021-05-05,57295.0,58110.0,52830.0,54365.0,6056
2021-05-06,56180.0,58600.0,55255.0,56950.0,5933
2021-05-07,57760.0,58845.0,55340.0,56350.0,4969
2021-05-10,55705.0,59900.0,53595.0,58200.0,7951
2021-05-11,56805.0,57075.0,54375.0,55690.0,5353
2021-05-12,54445.0,58140.0,53355.0,56735.0,8665
2021-05-13,48365.0,54605.0,46395.0,54545.0,14808
2021-05-14,50190.0,51475.0,48370.0,49215.0,5432
2021-05-17,44060.0,46620.0,42050.0,45295.0,11148
2021-05-18,43150.0,45755.0,42280.0,43500.0,8310
2021-05-19,39340.0,43530.0,30205.0,42915.0,26734
2021-05-20,40320.0,42420.0,34950.0,38925.0,13391
2021-05-21,36085.0,42370.0,35135.0,40720.0,12908
2021-05-24,39750.0,39950.0,33720.0,34280.0,10870
2021-05-25,37330.0,39885.0,36555.0,38540.0,8766
2021-05-26,38545.0,40895.0,37875.0,38055.0,9284
2021-05-27,38845.0,40435.0,37270.0,39025.0,6239
2021-05-28,36841.3515625,39180.0,35160.0,38800.0,8101
2021-06-01,35990.0,37985.0,34250.0,35905.0,8098
2021-06-02,38040.0,38340.0,35940.0,36205.0,4028
2021-06-03,38715.0,39560.0,37255.0,37835.0,4312
2021-06-04,36955.0,39330.0,35590.0,38840.0,8164
2021-06-07,35645.0,37015.0,34000.0,36205.0,6680
2021-06-08,32910.0,34295.0,30915.0,34130.0,11212
2021-06-09,36375.0,36945.0,32420.0,33485.0,8450
2021-06-10,36690.0,38460.0,35815.0,36610.0,6676
2021-06-11,37325.0,37700.0,35955.0,36725.0,3333
2021-06-14,39710.0,41070.0,38705.0,38900.0,5935
2021-06-15,39995.0,41335.0,39565.0,40250.0,4180
2021-06-16,38565.0,40480.0,38270.0,40025.0,6334
2021-06-17,37665.0,39535.0,37315.0,38550.0,5646
2021-06-18,35285.0,38175.0,35100.0,37695.0,5719
2021-06-21,32560.0,35790.0,31715.0,35555.0,9302
2021-06-22,32480.0,33310.0,28800.0,31700.0,14889
2021-06-23,32900.0,34835.0,31780.0,32560.0,7184
2021-06-24,34805.0,35245.0,32330.0,33220.0,6210
2021-06-25,33079.3984375,35300.0,32630.0,34700.0,6633
2021-06-28,34525.0,35325.0,32750.0,32775.0,5519
2021-06-29,36430.0,36650.0,34200.0,34680.0,4838
2021-06-30,34725.0,36215.0,34020.0,36215.0,3880
2021-07-01,33030.0,35185.0,32695.0,34765.0,4607
2021-07-02,33285.0,33995.0,32620.0,33460.0,3489
2021-07-06,33975.0,35955.0,33315.0,35800.0,6997
2021-07-07,34700.0,35140.0,33675.0,33800.0,3868
2021-07-08,32960.0,34300.0,32040.0,34200.0,5747
2021-07-09,33455.0,33740.0,32295.0,32680.0,2662
2021-07-12,32760.0,34830.0,32600.0,34430.0,3826
2021-07-13,32215.0,33330.0,32150.0,32830.0,3084
2021-07-14,32740.0,33195.0,31515.0,32535.0,3546
2021-07-15,31410.0,33180.0,30970.0,32930.0,6733
2021-07-16,31925.0,32205.0,30960.0,31700.0,4090
2021-07-19,30690.0,31860.0,30280.0,31760.0,3945
2021-07-20,29715.0,31015.0,29215.0,30680.0,4343
2021-07-21,31620.0,32830.0,29435.0,29625.0,9993
2021-07-22,32415.0,32590.0,31680.0,31920.0,3232
2021-07-23,32270.0,32930.0,31980.0,32180.0,2498
2021-07-26,39480.0,40580.0,34420.0,34475.0,17245
2021-07-27,37890.0,38795.0,36425.0,37090.0,7578
2021-07-28,40370.0,40940.0,38150.0,38340.0,10480
2021-07-29,39675.0,40650.0,39290.0,40165.0,6100
2021-07-30,39020.921875,40240.0,38455.0,39640.0,4892
2021-08-02,39180.0,41500.0,38715.0,41185.0,4781
2021-08-03,37965.0,39830.0,37580.0,39180.0,5443
2021-08-04,39840.0,39945.0,37465.0,38265.0,3669
2021-08-05,40755.0,41480.0,37300.0,39940.0,6706
2021-08-06,42970.0,43430.0,39910.0,41095.0,6634
2021-08-09,46045.0,46520.0,42890.0,44255.0,7172
2021-08-10,45495.0,46800.0,44650.0,45760.0,5332
2021-08-11,46455.0,46835.0,45250.0,45755.0,3447
2021-08-12,44360.0,46315.0,43780.0,46315.0,5190
2021-08-13,46505.0,48005.0,43830.0,44310.0,3796
2021-08-16,46095.0,48100.0,45670.0,46905.0,4125
2021-08-17,45520.0,47205.0,44570.0,46000.0,4393
2021-08-18,44855.0,46105.0,44155.0,44795.0,5149
2021-08-19,46700.0,46895.0,43900.0,44530.0,6208
2021-08-20,48730.0,49185.0,46370.0,46545.0,5402
2021-08-23,49280.0,50585.0,48640.0,48815.0,5956
2021-08-24,48210.0,49885.0,47735.0,49520.0,5776
2021-08-25,48705.0,49135.0,47065.0,48205.0,6128
2021-08-26,46940.0,49345.0,46230.0,48950.0,6139
2021-08-27,47952.01953125,48210.0,46420.0,47205.0,5609
2021-08-30,48765.0,49510.0,47460.0,49070.0,3419
2021-08-31,47390.0,48610.0,46695.0,48610.0,4056
2021-09-01,48320.0,49270.0,46530.0,46940.0,4280
2021-09-02,49375.0,50570.0,48400.0,48600.0,4772
2021-09-03,50710.0,51260.0,48445.0,49900.0,5123
2021-09-07,46780.0,53125.0,43705.0,51755.0,13967
2021-09-08,46520.0,47440.0,44500.0,46590.0,5680
2021-09-09,46645.0,47465.0,45545.0,46250.0,4052
2021-09-10,45675.0,47065.0,44750.0,46545.0,4853
2021-09-13,44815.0,46945.0,43310.0,45240.0,7363
2021-09-14,46515.0,47025.0,44705.0,45215.0,3802
2021-09-15,48190.0,48510.0,46635.0,46700.0,3080
2021-09-16,47495.0,48600.0,47050.0,48270.0,4538
2021-09-17,47490.0,48225.0,46670.0,47600.0,3893
2021-09-20,43780.0,47620.0,42365.0,47415.0,8330
2021-09-21,42030.0,43870.0,40085.0,43410.0,8523
2021-09-22,43385.0,44025.0,40145.0,41330.0,7828
2021-09-23,44785.0,44970.0,43095.0,43255.0,5357
2021-09-24,42359.41015625,45115.0,40855.0,44790.0,11471
2021-09-27,43150.0,44580.0,42770.0,43635.0,5221
2021-09-28,41600.0,43555.0,41145.0,43215.0,4666
2021-09-29,41155.0,42735.0,40785.0,41890.0,3694
2021-09-30,43615.0,44175.0,41040.0,41240.0,4869
2021-10-01,48390.0,48705.0,43330.0,43735.0,9404
2021-10-04,49855.0,50000.0,47180.0,48070.0,5865
2021-10-05,51630.0,52165.0,49100.0,49310.0,8408
2021-10-06,55700.0,55935.0,50855.0,52165.0,9662
2021-10-07,54470.0,56325.0,53855.0,55580.0,5323
2021-10-08,55180.0,56815.0,54155.0,54925.0,5063
2021-10-11,57990.0,58355.0,54820.0,55330.0,5686
2021-10-12,55815.0,58215.0,54370.0,57700.0,6691
2021-10-13,57750.0,57950.0,54700.0,56350.0,6939
2021-10-14,58195.0,59025.0,57190.0,57700.0,6318
2021-10-15,62075.0,63525.0,57250.0,58150.0,11665
2021-10-18,61650.0,63230.0,60100.0,61120.0,10019
2021-10-19,64660.0,64780.0,61730.0,61905.0,15283
2021-10-20,66665.0,67680.0,63830.0,64490.0,15201
2021-10-21,62910.0,66960.0,62140.0,66160.0,15609
2021-10-22,61080.0,63950.0,60210.0,62890.0,10125
2021-10-25,62725.0,63865.0,60820.0,61080.0,7184
2021-10-26,61975.0,63345.0,61810.0,62855.0,7404
2021-10-27,59065.0,61450.0,57855.0,61255.0,12927
2021-10-28,61335.0,62400.0,57855.0,58790.0,9715
2021-10-29,61149.26171875,62030.0,60220.0,61295.0,6361
2021-11-01,61615.0,62850.0,59700.0,61995.0,4979
2021-11-02,64015.0,64665.0,60900.0,61010.0,5238
2021-11-03,63065.0,63965.0,60945.0,63580.0,5495
2021-11-04,61360.0,63475.0,60860.0,63450.0,5009
2021-11-05,61380.0,62865.0,60905.0,61435.0,3534
2021-11-08,66485.0,67035.0,62905.0,62910.0,6018
2021-11-09,67625.0,69000.0,66480.0,66715.0,5457
2021-11-10,66075.0,69355.0,63020.0,67670.0,7709
2021-11-11,65055.0,65895.0,64340.0,65210.0,3912
2021-11-12,64235.0,65720.0,62385.0,65400.0,6895
2021-11-15,63910.0,66555.0,63415.0,64625.0,5438
2021-11-16,59730.0,64025.0,58515.0,63955.0,9161
2021-11-17,60485.0,60890.0,58475.0,60700.0,6300
2021-11-18,58015.0,61035.0,56600.0,59980.0,9180
2021-11-19,57900.0,58410.0,55600.0,56450.0,8253
2021-11-22,55815.0,59645.0,55585.0,59100.0,11800
2021-11-23,57855.0,57940.0,55375.0,56575.0,9700
2021-11-24,57415.0,57765.0,55825.0,57650.0,10085
2021-11-26,54465.6484375,59470.0,53625.0,57000.0,11541
2021-11-29,58470.0,59285.0,56290.0,56290.0,5946
2021-11-30,57780.0,59680.0,56145.0,58530.0,7792
2021-12-01,56990.0,59545.0,56650.0,57660.0,6552
2021-12-02,57175.0,57705.0,55990.0,57305.0,5835
2021-12-03,53545.0,57945.0,51585.0,57030.0,11175
2021-12-06,48960.0,50730.0,47215.0,49265.0,9344
2021-12-07,50600.0,52195.0,50360.0,50745.0,4985
2021-12-08,50925.0,51370.0,48645.0,50600.0,4851
2021-12-09,47675.0,50940.0,47345.0,50400.0,5159
2021-12-10,48490.0,50265.0,47325.0,47940.0,6036
2021-12-13,46595.0,50480.0,45700.0,50205.0,6827
2021-12-14,47870.0,48700.0,46295.0,46950.0,5871
2021-12-15,49350.0,49605.0,46570.0,48350.0,8301
2021-12-16,48010.0,49500.0,47595.0,48940.0,5529
2021-12-17,46250.0,48010.0,45415.0,47870.0,4533
2021-12-20,47060.0,47555.0,45515.0,47280.0,4303
2021-12-21,48685.0,49390.0,46710.0,46835.0,3998
2021-12-22,49045.0,49635.0,48500.0,49280.0,2811
2021-12-23,51060.0,51470.0,48035.0,49085.0,4756
2021-12-27,51275.0,52200.0,50520.0,51040.0,5511
2021-12-28,47755.0,51045.0,47300.0,51025.0,7868
2021-12-29,47370.0,48095.0,46550.0,47585.0,6913
2021-12-30,47170.0,47970.0,45880.0,47230.0,6480
2021-12-31,47977.03125,48590.0,46915.0,47055.0,3726
2022-01-03,45865.0,47660.0,45680.0,47120.0,4161
2022-01-04,46305.0,47650.0,45485.0,46205.0,5049
2022-01-05,43830.0,47100.0,43290.0,46100.0,8922
2022-01-06,43215.0,43720.0,42375.0,43405.0,5222
2022-01-07,41870.0,43240.0,40470.0,43170.0,9276
2022-01-10,41745.0,42245.0,39470.0,42205.0,8665
2022-01-11,42805.0,43155.0,41220.0,41595.0,6191
2022-01-12,43825.0,44310.0,42455.0,42695.0,4068
2022-01-13,42675.0,44450.0,42280.0,43880.0,4068
2022-01-14,43120.0,43445.0,41680.0,42620.0,4202
2022-01-18,41665.0,43315.0,41175.0,43270.0,6821
2022-01-19,41575.0,42615.0,41080.0,42430.0,6542
2022-01-20,42675.0,43545.0,41260.0,41940.0,7229
2022-01-21,38180.0,41135.0,36150.0,41125.0,11781
2022-01-24,37220.0,37600.0,32855.0,35555.0,16299
2022-01-25,36855.0,37550.0,35725.0,36490.0,8969
2022-01-26,37060.0,38895.0,36330.0,36765.0,10251
2022-01-27,35565.0,37210.0,35485.0,36555.0,8331
2022-01-28,37075.890625,37415.0,36215.0,36535.0,5566
2022-01-31,38485.0,38790.0,36620.0,37845.0,4094
2022-02-01,38585.0,39275.0,38055.0,38450.0,4095
2022-02-02,37535.0,38900.0,36515.0,38685.0,4396
2022-02-03,36265.0,37100.0,36235.0,36970.0,4222
2022-02-04,40640.0,40935.0,36895.0,36930.0,9595
2022-02-07,44235.0,44615.0,41420.0,41420.0,7457
2022-02-08,44340.0,45605.0,42780.0,44110.0,5873
2022-02-09,44855.0,44900.0,43210.0,44235.0,4103
2022-02-10,44180.0,45905.0,43270.0,44640.0,8449
2022-02-11,42390.0,44145.0,42075.0,43950.0,6220
2022-02-14,42205.0,42930.0,41560.0,42470.0,5402
2022-02-15,44215.0,44620.0,42495.0,42665.0,4089
2022-02-16,44175.0,44860.0,43350.0,44210.0,3894
2022-02-17,40900.0,44275.0,40090.0,44075.0,6682
2022-02-18,39945.0,41000.0,39485.0,40675.0,7267
2022-02-22,37915.0,39460.0,36340.0,38860.0,12994
2022-02-23,37660.0,39235.0,37365.0,37890.0,9503
2022-02-24,38360.0,39740.0,34295.0,37670.0,14197
2022-02-25,39202.08984375,39645.0,37900.0,38110.0,6107
2022-02-28,42000.0,42055.0,37205.0,37860.0,9471
2022-03-01,44240.0,45110.0,42930.0,43100.0,8747
2022-03-02,43925.0,45455.0,43420.0,44205.0,6395
2022-03-03,42080.0,44325.0,41870.0,44205.0,6109
2022-03-04,39545.0,42640.0,39090.0,42495.0,5656
2022-03-07,37540.0,39540.0,37180.0,39060.0,5831
2022-03-08,38505.0,39410.0,37895.0,38110.0,5230
2022-03-09,41920.0,42715.0,38540.0,38540.0,7469
2022-03-10,39630.0,42245.0,38555.0,42055.0,5922
2022-03-11,38325.0,40260.0,38240.0,39530.0,5471
2022-03-14,38830.0,39340.0,37495.0,38725.0,4213
2022-03-15,39760.0,39935.0,38085.0,38725.0,4604
2022-03-16,40920.0,41765.0,38810.0,39725.0,8470
2022-03-17,40885.0,41520.0,40570.0,41200.0,2547
2022-03-18,42095.0,42360.0,40180.0,41050.0,5113
2022-03-21,41220.0,41595.0,40555.0,41445.0,5712
2022-03-22,42390.0,43490.0,40885.0,41335.0,10059
2022-03-23,42250.0,42985.0,41815.0,42880.0,8001
2022-03-24,43965.0,44340.0,42345.0,42430.0,11117
2022-03-25,44504.0,45170.0,43625.0,43975.0,5774
2022-03-28,48190.0,48475.0,46550.0,46740.0,6528
2022-03-29,47930.0,48390.0,47235.0,47970.0,4677
2022-03-30,47240.0,48000.0,46715.0,47430.0,4074
2022-03-31,45735.0,47875.0,45620.0,47220.0,5480
2022-04-01,46550.0,46910.0,44345.0,45865.0,5689
2022-04-04,46085.0,47610.0,45205.0,47225.0,5287
2022-04-05,46140.0,47445.0,45550.0,46600.0,7492
2022-04-06,43775.0,46060.0,43130.0,45995.0,7113
2022-04-07,43380.0,43885.0,42720.0,43880.0,4605
2022-04-08,42715.0,44090.0,42445.0,43565.0,5079
2022-04-11,39955.0,42805.0,39460.0,42710.0,5945
2022-04-12,39290.0,40805.0,39190.0,39410.0,5562
2022-04-13,41120.0,41590.0,39560.0,39650.0,5018
2022-04-14,39825.0,41540.0,39565.0,41240.0,3012
2022-04-18,40700.0,41125.0,38535.0,40150.0,5796
2022-04-19,41520.0,41820.0,40585.0,40825.0,3695
2022-04-20,41235.0,42295.0,40895.0,41335.0,3726
2022-04-21,41245.0,43010.0,40610.0,41550.0,5772
2022-04-22,39455.0,40815.0,39165.0,40650.0,4525
2022-04-25,40210.0,40400.0,38190.0,39595.0,7333
2022-04-26,38220.0,40765.0,37665.0,40210.0,10107
2022-04-27,38900.0,39475.0,37665.0,38210.0,6779
2022-04-28,39920.0,40440.0,38900.0,39220.0,8547
2022-04-29,38997.33984375,39840.0,38595.0,39785.0,4974
2022-05-02,38540.0,39180.0,38005.0,38350.0,4364
2022-05-03,37635.0,38810.0,37420.0,38685.0,4864
2022-05-04,39900.0,40100.0,37535.0,37725.0,8011
2022-05-05,36270.0,39860.0,35520.0,39795.0,10002
2022-05-06,35925.0,36595.0,35180.0,36405.0,5712
2022-05-09,30930.0,34455.0,30300.0,34455.0,12896
2022-05-10,31280.0,32615.0,29700.0,30960.0,7243
2022-05-11,29195.0,32140.0,28105.0,30195.0,19281
2022-05-12,28585.0,30100.0,25350.0,28860.0,15142
2022-05-13,30035.0,31000.0,28230.0,28255.0,6899
2022-05-16,29505.0,31400.0,29020.0,31000.0,6177
2022-05-17,30000.0,30745.0,29420.0,30130.0,7459
2022-05-18,29185.0,30650.0,28650.0,30560.0,7228
2022-05-19,29945.0,30510.0,28555.0,29025.0,8809
2022-05-20,29260.0,30715.0,28635.0,30235.0,9098
2022-05-23,29015.0,30680.0,28960.0,30010.0,11285
2022-05-24,29305.0,29580.0,28570.0,29235.0,11237
2022-05-25,29535.0,30225.0,29300.0,29585.0,9662
2022-05-26,29315.0,29895.0,27995.0,29750.0,12168
2022-05-27,29042.23046875,29605.0,28630.0,29550.0,8360
2022-05-31,31650.0,32455.0,29110.0,29170.0,14873
2022-06-01,30035.0,32020.0,29265.0,31700.0,7625
2022-06-02,30290.0,30435.0,29480.0,29535.0,6669
2022-06-03,29535.0,30725.0,29165.0,30355.0,6335
2022-06-06,31490.0,31805.0,29820.0,29900.0,9293
2022-06-07,31045.0,31575.0,29130.0,31500.0,11270
2022-06-08,30080.0,31580.0,29775.0,31460.0,7937
2022-06-09,29945.0,30665.0,29880.0,30320.0,4174
2022-06-10,28920.0,31025.0,28740.0,30085.0,8031
2022-06-13,23110.0,27365.0,22490.0,27355.0,18646
2022-06-14,22125.0,23290.0,20775.0,23010.0,16480
2022-06-15,21625.0,22385.0,20025.0,21460.0,19873
2022-06-16,20790.0,22945.0,20435.0,22165.0,9773
2022-06-17,20470.0,21315.0,20145.0,20645.0,8720
2022-06-21,20860.0,21715.0,19600.0,20390.0,18029
2022-06-22,20105.0,20920.0,19760.0,20920.0,13382
2022-06-23,20900.0,21090.0,19875.0,19945.0,10083
2022-06-24,21206.900390625,21535.0,20740.0,20740.0,7037
2022-06-27,20800.0,21530.0,20420.0,21360.0,5894
2022-06-28,20175.0,21195.0,20125.0,20765.0,5868
2022-06-29,20185.0,20405.0,19775.0,20290.0,6703
2022-06-30,18760.0,20295.0,18525.0,20240.0,10284
2022-07-01,19315.0,20790.0,18630.0,18700.0,10646
2022-07-05,20390.0,20740.0,18985.0,19270.0,15041
2022-07-06,20275.0,20450.0,19730.0,20310.0,5808
2022-07-07,21855.0,21890.0,20245.0,20360.0,8758
2022-07-08,21765.0,22550.0,21160.0,21670.0,9678
2022-07-11,20455.0,21045.0,20215.0,21045.0,7657
2022-07-12,19315.0,20190.0,19215.0,20190.0,7721
2022-07-13,19615.0,20090.0,18830.0,19290.0,12021
2022-07-14,20625.0,20885.0,19585.0,19890.0,10781
2022-07-15,21190.0,21215.0,20360.0,20440.0,6272
2022-07-18,21620.0,22785.0,20750.0,21080.0,10033
2022-07-19,23460.0,23725.0,21575.0,21660.0,11774
2022-07-20,23695.0,24300.0,22930.0,23650.0,10139
2022-07-21,23230.0,23685.0,22365.0,23595.0,7350
2022-07-22,22615.0,23800.0,22540.0,23210.0,6639
2022-07-25,21885.0,23035.0,21580.0,22830.0,10395
2022-07-26,20915.0,22045.0,20715.0,22045.0,11713
2022-07-27,22780.0,23120.0,21000.0,21015.0,13017
2022-07-28,23805.0,24230.0,22620.0,22785.0,11797
2022-07-29,24082.44921875,24490.0,23460.0,23950.0,7464
2022-08-01,23030.0,23685.0,22895.0,23655.0,5781
2022-08-02,23000.0,23510.0,22685.0,23050.0,5487
2022-08-03,23540.0,23705.0,22730.0,23175.0,6020
2022-08-04,22455.0,23370.0,22405.0,23370.0,7914
2022-08-05,22960.0,23555.0,22475.0,22505.0,8818
2022-08-08,23985.0,24355.0,23085.0,23310.0,7581
2022-08-09,23060.0,23965.0,22850.0,23880.0,8218
2022-08-10,23655.0,24240.0,22630.0,23200.0,9528
2022-08-11,24245.0,24980.0,23840.0,24000.0,9242
2022-08-12,24240.0,24315.0,23600.0,24225.0,4938
2022-08-15,24000.0,25270.0,23890.0,24360.0,7443
2022-08-16,23945.0,24265.0,23640.0,24060.0,5100
2022-08-17,23230.0,24465.0,23145.0,23960.0,8565
2022-08-18,23335.0,23590.0,23210.0,23260.0,3984
2022-08-19,21230.0,23370.0,21035.0,23330.0,11296
2022-08-22,20965.0,21595.0,20805.0,21420.0,7314
2022-08-23,21490.0,21660.0,20790.0,21055.0,8565
2022-08-24,21710.0,21900.0,21125.0,21480.0,9887
2022-08-25,21565.0,21810.0,21290.0,21610.0,7808
2022-08-26,21417.890625,21865.0,21035.0,21425.0,13737
2022-08-29,19965.0,20315.0,19345.0,19890.0,7992
2022-08-30,19770.0,20630.0,19345.0,19985.0,7230
2022-08-31,20065.0,20400.0,19585.0,19745.0,7256
2022-09-01,19695.0,20145.0,19310.0,20130.0,7103
2022-09-02,19775.0,20390.0,19555.0,19975.0,9765
2022-09-06,18635.0,20080.0,18480.0,19745.0,15290
2022-09-07,18925.0,19365.0,18360.0,18780.0,6749
2022-09-08,19260.0,19400.0,18905.0,19170.0,7811
2022-09-09,21345.0,21485.0,19010.0,19010.0,16199
2022-09-12,22455.0,22530.0,21500.0,21500.0,8764
2022-09-13,20240.0,22875.0,20050.0,22390.0,15358
2022-09-14,19925.0,20500.0,19585.0,20110.0,7625
2022-09-15,19730.0,20345.0,19450.0,20130.0,7042
2022-09-16,19575.0,19865.0,19275.0,19750.0,6561
2022-09-19,19480.0,19620.0,18195.0,19490.0,12241
2022-09-20,18950.0,19640.0,18690.0,19525.0,8868
2022-09-21,18980.0,19885.0,18670.0,18880.0,15361
2022-09-22,19295.0,19475.0,18085.0,18510.0,9042
2022-09-23,18745.0,19495.0,18455.0,19200.0,9164
2022-09-26,19180.0,19300.0,18545.0,18700.0,11533
2022-09-27,19045.0,20400.0,18775.0,19060.0,18567
2022-09-28,19565.0,19685.0,18440.0,18975.0,14508
2022-09-29,19405.0,19700.0,18820.0,19630.0,10690
2022-09-30,19698.599609375,19725.0,19185.0,19510.0,12261
2022-10-03,19525.0,19690.0,18785.0,19190.0,12200
2022-10-04,20285.0,20535.0,19515.0,19535.0,11729
2022-10-05,20140.0,20440.0,19740.0,20385.0,9665
2022-10-06,20025.0,20515.0,19870.0,20085.0,9200
2022-10-07,19410.0,20080.0,19260.0,19870.0,11120
2022-10-10,19125.0,19465.0,19015.0,19390.0,7446
2022-10-11,18900.0,19225.0,18760.0,19165.0,9226
2022-10-12,19095.0,19145.0,18900.0,18935.0,5182
2022-10-13,19360.0,19575.0,17810.0,19150.0,23505
2022-10-14,19110.0,19975.0,19065.0,19415.0,14027
2022-10-17,19515.0,19680.0,19070.0,19070.0,7538
2022-10-18,19180.0,19715.0,19045.0,19525.0,8664
2022-10-19,19200.0,19340.0,19035.0,19255.0,5612
2022-10-20,19030.0,19340.0,18875.0,19150.0,9380
2022-10-21,19195.0,19250.0,18615.0,19050.0,10597
2022-10-24,19340.0,19695.0,19130.0,19470.0,11740
2022-10-25,20305.0,20445.0,19230.0,19310.0,18642
2022-10-26,20780.0,21055.0,20015.0,20215.0,16618
2022-10-27,20625.0,20935.0,20245.0,20735.0,10277
2022-10-28,20478.439453125,20560.0,19965.0,20385.0,8559
2022-10-31,20380.0,20890.0,20220.0,20715.0,7208
2022-11-01,20480.0,20725.0,20320.0,20430.0,4663
2022-11-02,20265.0,20870.0,20105.0,20500.0,9266
2022-11-03,20285.0,20415.0,20030.0,20165.0,7002
2022-11-04,21155.0,21400.0,20185.0,20280.0,16426
2022-11-07,20845.0,21215.0,20635.0,21200.0,6250
2022-11-08,18080.0,20700.0,16835.0,20500.0,44896
2022-11-09,15615.0,18565.0,14925.0,18480.0,29101
2022-11-10,17780.0,17935.0,15230.0,15440.0,18015
2022-11-11,16050.0,17480.0,15715.0,17460.0,12252
2022-11-14,16005.0,16740.0,15250.0,15870.0,7191
2022-11-15,16690.0,16990.0,16085.0,16085.0,7408
2022-11-16,16285.0,16855.0,16015.0,16715.0,7008
2022-11-17,16520.0,16610.0,16115.0,16370.0,5977
2022-11-18,16530.0,16880.0,16365.0,16545.0,6052
2022-11-21,15690.0,16265.0,15355.0,16155.0,12988
2022-11-22,16055.0,16295.0,15515.0,15645.0,12763
2022-11-23,16610.0,16705.0,16080.0,16115.0,9969
2022-11-25,16512.2890625,16805.0,16340.0,16470.0,3599
2022-11-28,15990.0,16375.0,15630.0,16335.0,6804
2022-11-29,16265.0,16410.0,15880.0,15920.0,4649
2022-11-30,17080.0,17140.0,16160.0,16235.0,8018
2022-12-01,16820.0,17235.0,16760.0,17190.0,6039
2022-12-02,16995.0,17055.0,16055.0,16870.0,3869
2022-12-05,16825.0,17435.0,16750.0,17020.0,6335
2022-12-06,16945.0,17025.0,16800.0,16865.0,3720
2022-12-07,16725.0,17090.0,16580.0,16935.0,3966
2022-12-08,17185.0,17320.0,16665.0,16760.0,7120
2022-12-09,17035.0,17355.0,17005.0,17240.0,4444
2022-12-12,17115.0,17220.0,16820.0,17080.0,4191
2022-12-13,17745.0,18125.0,17050.0,17170.0,9178
2022-12-14,17795.0,18420.0,17680.0,17775.0,7805
2022-12-15,17395.0,17875.0,17290.0,17840.0,5851
2022-12-16,16775.0,17525.0,16675.0,17340.0,7266
2022-12-19,16495.0,16770.0,16395.0,16690.0,4393
2022-12-20,16840.0,17095.0,16275.0,16325.0,5601
2022-12-21,16735.0,16885.0,16670.0,16870.0,2295
2022-12-22,16735.0,16850.0,16460.0,16725.0,5529
2022-12-23,16780.0,16910.0,16695.0,16760.0,5712
2022-12-27,16595.0,16950.0,16515.0,16825.0,7685
2022-12-28,16570.0,16760.0,16420.0,16640.0,9933
2022-12-29,16585.0,16640.0,16435.0,16510.0,6599
2022-12-30,16498.080078125,16625.0,16285.0,16615.0,6062
2023-01-03,16615.0,16765.0,16525.0,16675.0,4086
2023-01-04,16780.0,17015.0,16610.0,16625.0,7387
2023-01-05,16840.0,16890.0,16715.0,16810.0,3408
2023-01-06,16895.0,17085.0,16645.0,16825.0,6144
2023-01-09,17225.0,17440.0,16955.0,16980.0,7471
2023-01-10,17535.0,17555.0,17135.0,17180.0,5068
2023-01-11,17615.0,17635.0,17330.0,17490.0,4674
2023-01-12,19155.0,19200.0,17615.0,17625.0,14036
2023-01-13,19550.0,19995.0,18785.0,18945.0,7033
2023-01-17,21485.0,21725.0,20690.0,20985.0,12709
2023-01-18,20800.0,21795.0,20460.0,21325.0,13106
2023-01-19,21200.0,21275.0,20730.0,20905.0,5319
2023-01-20,22390.0,22525.0,20935.0,21155.0,9472
2023-01-23,23090.0,23240.0,22585.0,22605.0,10731
2023-01-24,23065.0,23210.0,22775.0,22990.0,7975
2023-01-25,22940.0,23770.0,22345.0,22770.0,10974
2023-01-26,23075.0,23285.0,22835.0,23100.0,11146
2023-01-27,23052.73046875,23090.0,22545.0,22955.0,7950
2023-01-30,22825.0,24080.0,22715.0,23900.0,5865
2023-01-31,23250.0,23410.0,22850.0,22870.0,3489
2023-02-01,23755.0,23965.0,22905.0,23335.0,5605
2023-02-02,24005.0,24450.0,23550.0,23940.0,7693
2023-02-03,23485.0,23890.0,23340.0,23665.0,6471
2023-02-06,23110.0,23275.0,22755.0,23100.0,4857
2023-02-07,23300.0,23460.0,22725.0,22960.0,5725
2023-02-08,22885.0,23540.0,22695.0,23300.0,5590
2023-02-09,22010.0,23085.0,21720.0,23015.0,10270
2023-02-10,21775.0,21970.0,21505.0,21825.0,6154
2023-02-13,21710.0,21930.0,21380.0,21820.0,7442
2023-02-14,22335.0,22375.0,21575.0,21700.0,8590
2023-02-15,24250.0,24415.0,22100.0,22270.0,10953
2023-02-16,24640.0,25345.0,24245.0,24285.0,16546
2023-02-17,24870.0,25095.0,23430.0,24080.0,12414
2023-02-21,24490.0,25335.0,23905.0,24505.0,19029
2023-02-22,23800.0,24495.0,23590.0,24395.0,13563
2023-02-23,23920.0,24610.0,23620.0,24100.0,11773
2023-02-24,23576.05078125,24100.0,23560.0,23880.0,12099
2023-02-27,23445.0,24060.0,23235.0,23565.0,6664
2023-02-28,23410.0,23780.0,23150.0,23585.0,4903
2023-03-01,23530.0,24165.0,23140.0,23275.0,6343
2023-03-02,23590.0,23925.0,23300.0,23645.0,4721
2023-03-03,22320.0,23615.0,22020.0,23560.0,12038
2023-03-06,22390.0,22665.0,22300.0,22455.0,4800
2023-03-07,22070.0,22600.0,21940.0,22455.0,6742
2023-03-08,22115.0,22300.0,21880.0,22100.0,6280
2023-03-09,20065.0,21850.0,19960.0,21800.0,14035
2023-03-10,19965.0,20330.0,19520.0,20300.0,13496
2023-03-13,24405.0,24620.0,21110.0,21250.0,28142
2023-03-14,25240.0,26615.0,24030.0,24230.0,16272
2023-03-15,24490.0,25440.0,24005.0,24655.0,13885
2023-03-16,25090.0,25300.0,24250.0,24610.0,6503
2023-03-17,27000.0,27155.0,25000.0,25040.0,12866
2023-03-20,27945.0,28715.0,27320.0,28095.0,9810
2023-03-21,28310.0,28680.0,27555.0,28150.0,6288
2023-03-22,26800.0,29045.0,26700.0,28210.0,10975
2023-03-23,28550.0,28935.0,27075.0,27200.0,11418
2023-03-24,27915.0,28570.0,27480.0,28385.0,5845
2023-03-27,26980.0,28240.0,26520.0,27960.0,11152
2023-03-28,27455.0,27545.0,26650.0,27175.0,9898
2023-03-29,28440.0,28685.0,27170.0,27170.0,9845
2023-03-30,27965.0,29220.0,27680.0,28355.0,9730
2023-03-31,28476.5,28625.0,27620.0,28090.0,6392
2023-04-03,28265.0,28775.0,27595.0,28540.0,7861
2023-04-04,28375.0,28650.0,27855.0,27930.0,6996
2023-04-05,28385.0,28985.0,27935.0,28390.0,8243
2023-04-06,28140.0,28350.0,27765.0,28350.0,1295
2023-04-10,29420.0,29670.0,28265.0,28505.0,9746
2023-04-11,30325.0,30775.0,29435.0,29445.0,8509
2023-04-12,29925.0,30710.0,29800.0,30365.0,5859
2023-04-13,30530.0,30900.0,29940.0,30035.0,5866
2023-04-14,30470.0,31200.0,30065.0,30445.0,7294
2023-04-17,29550.0,30585.0,29285.0,30585.0,6895
2023-04-18,30325.0,30590.0,29145.0,29555.0,5579
2023-04-19,29265.0,30520.0,29010.0,30435.0,7617
2023-04-20,28095.0,29255.0,27985.0,29195.0,7611
2023-04-21,27310.0,28360.0,27195.0,28240.0,6273
2023-04-24,27400.0,28010.0,26980.0,27425.0,7463
2023-04-25,27605.0,28070.0,27195.0,27450.0,7926
2023-04-26,27900.0,30050.0,27250.0,28320.0,14869
2023-04-27,29690.0,29920.0,28210.0,28670.0,11291
2023-04-28,29177.470703125,29705.0,28890.0,29655.0,6022
2023-05-01,27915.0,29615.0,27710.0,29615.0,8811
2023-05-02,28850.0,29055.0,27955.0,28030.0,7112
2023-05-03,28415.0,28955.0,28180.0,28795.0,6486
2023-05-04,29015.0,29525.0,28775.0,29005.0,6574
2023-05-05,29765.0,29910.0,28860.0,28940.0,8255
2023-05-08,27365.0,29110.0,27320.0,29105.0,11968
2023-05-09,27770.0,27875.0,27400.0,27595.0,4968
2023-05-10,27775.0,28415.0,26745.0,27660.0,11878
2023-05-11,26845.0,27810.0,26730.0,27615.0,7435
2023-05-12,26485.0,27085.0,25840.0,27010.0,7783
2023-05-15,27475.0,27740.0,26770.0,26885.0,5914
2023-05-16,26965.0,27420.0,26905.0,27410.0,4243
2023-05-17,27430.0,27520.0,26540.0,27055.0,6683
2023-05-18,26780.0,27545.0,26375.0,27390.0,7836
2023-05-19,26885.0,27235.0,26675.0,26885.0,5175
2023-05-22,26865.0,27160.0,26540.0,26825.0,7447
2023-05-23,27200.0,27565.0,26800.0,26915.0,9455
2023-05-24,26225.0,27265.0,26015.0,27250.0,13562
2023-05-25,26470.0,26645.0,25805.0,26370.0,11838
2023-05-26,26750.9296875,26825.0,26330.0,26500.0,5519
2023-05-30,28070.0,28665.0,27700.0,27915.0,10217
2023-05-31,27075.0,28040.0,26910.0,27905.0,9363
2023-06-01,26925.0,27440.0,26675.0,27185.0,5116
2023-06-02,27385.0,27440.0,26560.0,26965.0,7219
2023-06-05,25640.0,27615.0,25390.0,27335.0,14010
2023-06-06,27265.0,27375.0,25315.0,25665.0,14581
2023-06-07,26610.0,27525.0,26330.0,27170.0,7113
2023-06-08,26650.0,26955.0,26200.0,26335.0,4011
2023-06-09,26475.0,26920.0,26380.0,26710.0,4376
2023-06-12,25890.0,26190.0,25670.0,26155.0,5095
2023-06-13,25930.0,26555.0,25725.0,26010.0,5185
2023-06-14,25900.0,26155.0,24815.0,25890.0,5866
2023-06-15,25470.0,25620.0,24745.0,25110.0,10605
2023-06-16,26445.0,26600.0,25145.0,25600.0,10238
2023-06-20,28180.0,28445.0,26310.0,26485.0,17218
2023-06-21,30260.0,30940.0,28250.0,28250.0,18504
2023-06-22,30370.0,30685.0,29740.0,30020.0,10153
2023-06-23,31120.0,31655.0,29975.0,30175.0,12562
2023-06-26,30315.0,30800.0,30000.0,30690.0,9077
2023-06-27,30705.0,31115.0,30185.0,30215.0,10865
2023-06-28,30110.0,30785.0,29870.0,30785.0,11519
2023-06-29,30550.0,30870.0,30055.0,30170.0,11871
2023-06-30,30128.509765625,31255.0,29625.0,30395.0,19808
2023-07-03,31700.0,31835.0,30735.0,30850.0,6603
2023-07-05,30675.0,31725.0,30420.0,31480.0,9567
2023-07-06,30510.0,31860.0,30060.0,30705.0,11172
2023-07-07,30370.0,30685.0,29875.0,30370.0,6541
2023-07-10,31055.0,31260.0,30075.0,30290.0,5866
2023-07-11,30755.0,31000.0,30305.0,30700.0,6161
2023-07-12,30395.0,31190.0,30325.0,30705.0,10377
2023-07-13,31925.0,32165.0,30360.0,30460.0,14992
2023-07-14,30235.0,31910.0,30025.0,31515.0,11611
2023-07-17,29990.0,30495.0,29740.0,30415.0,6236
2023-07-18,29785.0,30355.0,29535.0,30335.0,5773
2023-07-19,30105.0,30275.0,29775.0,29810.0,5138
2023-07-20,29765.0,30515.0,29560.0,29955.0,9406
2023-07-21,29885.0,30120.0,29735.0,29920.0,5304
2023-07-24,29105.0,30135.0,28810.0,29960.0,13190
2023-07-25,29180.0,29390.0,29055.0,29145.0,8133
2023-07-26,29395.0,29690.0,29075.0,29240.0,8174
2023-07-27,29115.0,29575.0,29035.0,29505.0,8850
2023-07-28,29397.080078125,29420.0,29080.0,29200.0,6829
2023-07-31,29285.0,29760.0,29255.0,29390.0,5498
2023-08-01,29440.0,29520.0,28625.0,29400.0,10567
2023-08-02,29280.0,30245.0,28980.0,29385.0,10812
2023-08-03,29410.0,29600.0,29060.0,29285.0,4673
2023-08-04,29090.0,29490.0,28860.0,29400.0,5362
2023-08-07,29255.0,29315.0,28720.0,29125.0,6493
2023-08-08,30075.0,30260.0,29235.0,29320.0,10861
2023-08-09,29510.0,30275.0,29460.0,30065.0,7172
2023-08-10,29495.0,29855.0,29390.0,29635.0,4119
2023-08-11,29465.0,29680.0,29310.0,29560.0,4910
2023-08-14,29395.0,29810.0,29095.0,29450.0,7834
2023-08-15,29225.0,29595.0,29115.0,29460.0,4356
2023-08-16,29130.0,29305.0,28855.0,29255.0,5150
2023-08-17,27850.0,28990.0,27485.0,28955.0,14274
2023-08-18,26020.0,27005.0,25600.0,26475.0,11658
2023-08-21,26065.0,26220.0,25795.0,26195.0,7374
2023-08-22,25730.0,26165.0,25690.0,26160.0,7666
2023-08-23,26640.0,26810.0,25585.0,25595.0,12134
2023-08-24,25995.0,26560.0,25805.0,26300.0,8638
2023-08-25,26003.359375,26190.0,25945.0,26070.0,5998
2023-08-28,26090.0,26360.0,25930.0,26210.0,3315
2023-08-29,28010.0,28335.0,25980.0,26075.0,19905
2023-08-30,27260.0,27970.0,27130.0,27875.0,7293
2023-08-31,26240.0,27705.0,26010.0,27385.0,10310
2023-09-01,25700.0,26225.0,25400.0,26070.0,6918
2023-09-05,25735.0,26170.0,25580.0,25985.0,4758
2023-09-06,25705.0,26140.0,25335.0,25795.0,5237
2023-09-07,25980.0,26090.0,25630.0,25795.0,3776
2023-09-08,26005.0,26560.0,25690.0,26210.0,6232
2023-09-11,25030.0,26120.0,24925.0,25930.0,8627
2023-09-12,26125.0,26685.0,25100.0,25140.0,11268
2023-09-13,26205.0,26520.0,25845.0,26180.0,5247
2023-09-14,26765.0,26955.0,26215.0,26330.0,5968
2023-09-15,26475.0,26780.0,26265.0,26635.0,3990
2023-09-18,26885.0,27550.0,26425.0,26560.0,10480
2023-09-19,27270.0,27620.0,26715.0,26885.0,8349
2023-09-20,26990.0,27455.0,26845.0,27225.0,5569
2023-09-21,26635.0,27230.0,26380.0,27165.0,6747
2023-09-22,26545.0,26815.0,26525.0,26600.0,3757
2023-09-25,26355.0,26545.0,25985.0,26545.0,9696
2023-09-26,26245.0,26430.0,26090.0,26300.0,8234
2023-09-27,26250.0,26890.0,26080.0,26150.0,12318
2023-09-28,27120.0,27370.0,26280.0,26280.0,10622
2023-09-29,26869.689453125,27225.0,26750.0,27040.0,6417
2023-10-02,28150.0,28950.0,27190.0,27190.0,16751
2023-10-03,27385.0,27805.0,27290.0,27680.0,8348
2023-10-04,27775.0,28015.0,27270.0,27520.0,5558
2023-10-05,27605.0,28340.0,27465.0,27855.0,10419
2023-10-06,28145.0,28275.0,27290.0,27600.0,9349
2023-10-09,27735.0,28145.0,27370.0,28085.0,7430
2023-10-10,27490.0,27890.0,27390.0,27720.0,6128
2023-10-11,26800.0,27590.0,26575.0,27540.0,10160
2023-10-12,26755.0,27025.0,26575.0,26775.0,4426
2023-10-13,26840.0,27160.0,26695.0,26795.0,4859
2023-10-16,28575.0,30365.0,27145.0,27275.0,26787
2023-10-17,28620.0,28805.0,28245.0,28575.0,6603
2023-10-18,28320.0,29120.0,28215.0,28590.0,4733
2023-10-19,28900.0,29095.0,28175.0,28335.0,7780
2023-10-20,29685.0,30465.0,28700.0,28745.0,10080
2023-10-23,31485.0,31940.0,29840.0,29860.0,15576
2023-10-24,33845.0,35265.0,31705.0,31705.0,26556
2023-10-25,34840.0,35245.0,33745.0,34150.0,13542
2023-10-26,34065.0,34940.0,33760.0,34685.0,11713
2023-10-27,33980.05078125,34290.0,33835.0,34150.0,7077
2023-10-30,34765.0,35175.0,34330.0,34785.0,6449
2023-10-31,34905.0,35110.0,34295.0,34775.0,5971
2023-11-01,34965.0,35940.0,34310.0,34865.0,9752
2023-11-02,35300.0,36575.0,34590.0,35810.0,10328
2023-11-03,34805.0,35265.0,34395.0,35200.0,6829
2023-11-06,35320.0,35820.0,35030.0,35310.0,5080
2023-11-07,36145.0,36340.0,34755.0,35385.0,8038
2023-11-08,35895.0,36415.0,35300.0,35760.0,7862
2023-11-09,36805.0,38380.0,35865.0,36090.0,16525
2023-11-10,37555.0,37875.0,36605.0,36815.0,8283
2023-11-13,36915.0,37720.0,36505.0,37510.0,6819
2023-11-14,35365.0,36975.0,34820.0,36805.0,10502
2023-11-15,37820.0,38130.0,35490.0,35665.0,12335
2023-11-16,36040.0,38285.0,35610.0,37955.0,11861
2023-11-17,36565.0,37045.0,35945.0,36295.0,10400
2023-11-20,37615.0,37865.0,36745.0,37075.0,15555
2023-11-21,36920.0,37745.0,36225.0,37525.0,17841
2023-11-22,37655.0,37925.0,35600.0,36430.0,11869
2023-11-23,37220.0,37705.0,36890.0,37540.0,11869
2023-11-24,38122.83984375,38195.0,36890.0,37540.0,10216
2023-11-27,37210.0,38365.0,37100.0,38365.0,8695
2023-11-28,38885.0,39250.0,37300.0,37555.0,12491
2023-11-29,38065.0,39105.0,38005.0,38585.0,9088
2023-11-30,38190.0,38650.0,37870.0,38205.0,6891
2023-12-01,39225.0,39640.0,38045.0,38150.0,11744
2023-12-04,42280.0,42715.0,40325.0,40480.0,13276
2023-12-05,44290.0,44725.0,41810.0,42395.0,10616
2023-12-06,44215.0,44775.0,43815.0,44770.0,9164
2023-12-07,43700.0,44555.0,43355.0,44220.0,7768
2023-12-08,44910.0,45260.0,43515.0,43595.0,7011
2023-12-11,41035.0,44320.0,40450.0,44320.0,14410
2023-12-12,41455.0,42295.0,40895.0,41530.0,6933
2023-12-13,43210.0,43505.0,40800.0,41445.0,7734
2023-12-14,43140.0,43710.0,41935.0,43350.0,8287
2023-12-15,42440.0,43455.0,41855.0,43285.0,6434
2023-12-18,42105.0,42995.0,40705.0,41950.0,6931
2023-12-19,42360.0,43670.0,41905.0,42770.0,9272
2023-12-20,43630.0,44585.0,42305.0,42455.0,10587
2023-12-21,43860.0,44465.0,43470.0,43770.0,8472
2023-12-22,43765.0,44640.0,43495.0,44110.0,9107
2023-12-26,42150.0,43760.0,41645.0,43740.0,11155
2023-12-27,43565.0,43685.0,42150.0,42475.0,9099
2023-12-28,42515.0,43895.0,42265.0,43450.0,6585
2023-12-29,42679.73828125,43115.0,42215.0,42675.0,6815
2024-01-02,45330.0,47095.0,43965.0,43965.0,19344
2024-01-03,43080.0,46015.0,41110.0,45500.0,14998
2024-01-04,44630.0,45425.0,43005.0,43285.0,8081
2024-01-05,44385.0,44870.0,43160.0,44845.0,6448
2024-01-08,47305.0,47800.0,43490.0,44300.0,13422
2024-01-09,47045.0,48500.0,45270.0,47495.0,13488
2024-01-10,46325.0,47075.0,44505.0,46405.0,18562
2024-01-11,46350.0,49435.0,45700.0,47080.0,26661
2024-01-12,43690.0,46685.0,43165.0,46505.0,19477
2024-01-16,43295.0,43675.0,41705.0,42365.0,14369
2024-01-17,42810.0,43405.0,42215.0,43370.0,7598
2024-01-18,40880.0,42945.0,40590.0,42745.0,13037
2024-01-19,41585.0,42165.0,40300.0,41300.0,11085
2024-01-22,40180.0,41665.0,39345.0,41600.0,13318
2024-01-23,39235.0,40170.0,38540.0,39755.0,12701
2024-01-24,39700.0,40540.0,39450.0,39450.0,11877
2024-01-25,39750.0,40315.0,39545.0,39945.0,7377
2024-01-26,41327.19140625,41565.0,39840.0,39970.0,9966
2024-01-29,43530.0,43665.0,42040.0,42190.0,7389
2024-01-30,43890.0,44255.0,43435.0,43445.0,7256
2024-01-31,42815.0,44120.0,42575.0,43705.0,7804
2024-02-01,43275.0,43600.0,42100.0,42930.0,6568
2024-02-02,43185.0,43785.0,42810.0,43215.0,4777
2024-02-05,42555.0,43810.0,42340.0,42790.0,6737
2024-02-06,43305.0,43645.0,42590.0,42695.0,4921
2024-02-07,44410.0,44695.0,42930.0,43470.0,7443
2024-02-08,45750.0,45885.0,44410.0,44410.0,8758
2024-02-09,47770.0,48505.0,45535.0,45535.0,11047
2024-02-12,50465.0,50675.0,47950.0,48460.0,9063
2024-02-13,49640.0,50730.0,48600.0,50285.0,9230
2024-02-14,51990.0,52390.0,49535.0,49650.0,10316
2024-02-15,51955.0,53145.0,51605.0,52165.0,9406
2024-02-16,52025.0,52855.0,51825.0,51825.0,8909
2024-02-20,52090.0,53200.0,50830.0,52425.0,16703
2024-02-21,50955.0,52670.0,50630.0,52330.0,12760
2024-02-22,52040.0,52175.0,50935.0,51495.0,9292
2024-02-23,50958.01171875,51465.0,50760.0,51430.0,5157
2024-02-26,55290.0,55740.0,51460.0,52320.0,11813
2024-02-27,57620.0,58335.0,55250.0,55430.0,13225
2024-02-28,60870.0,64990.0,57350.0,57700.0,24495
2024-02-29,62760.0,64325.0,60975.0,61940.0,18024
2024-03-01,63825.0,64065.0,61490.0,62005.0,10098
2024-03-04,68480.0,68765.0,63055.0,63760.0,14722
2024-03-05,62425.0,70195.0,60120.0,68665.0,24388
2024-03-06,67760.0,68200.0,63385.0,63935.0,13346
2024-03-07,68365.0,68840.0,66060.0,66855.0,8061
2024-03-08,69805.0,71055.0,66755.0,68015.0,11249
2024-03-11,72660.0,73550.0,67550.0,69660.0,12897
2024-03-12,71800.0,73775.0,69125.0,73100.0,13572
2024-03-13,73915.0,74365.0,71210.0,71370.0,7789
2024-03-14,69600.0,74415.0,68805.0,73800.0,12636
2024-03-15,69165.0,72870.0,66125.0,71055.0,15859
2024-03-18,67180.0,69275.0,66830.0,68480.0,8669
2024-03-19,64595.0,68385.0,62485.0,67755.0,13848
2024-03-20,65990.0,68020.0,61020.0,64130.0,13914
2024-03-21,65415.0,68400.0,64600.0,67990.0,12956
2024-03-22,63975.0,66750.0,62655.0,65710.0,11341
2024-03-25,71130.0,71425.0,66390.0,66505.0,17480
2024-03-26,69440.0,71595.0,69330.0,70095.0,13919
2024-03-27,68635.0,71765.0,68305.0,69915.0,10711
2024-03-28,71296.171875,71570.0,68840.0,68860.0,7625
2024-04-01,70380.0,72230.0,68590.0,71500.0,8077
2024-04-02,66550.0,70555.0,65000.0,70340.0,10550
2024-04-03,66305.0,67455.0,64910.0,65865.0,6321
2024-04-04,68840.0,69910.0,65425.0,66250.0,9226
2024-04-05,67755.0,69160.0,66300.0,68230.0,7986
2024-04-08,72110.0,73380.0,69080.0,69105.0,10264
2024-04-09,69355.0,72455.0,68545.0,72185.0,9476
2024-04-10,70410.0,70560.0,67770.0,69565.0,10230
2024-04-11,70800.0,71770.0,69850.0,70460.0,7179
2024-04-12,67170.0,71805.0,65375.0,70570.0,14415
2024-04-15,63560.0,67215.0,62560.0,64100.0,15198
2024-04-16,62920.0,64085.0,61895.0,63560.0,9645
2024-04-17,61130.0,64665.0,59705.0,64125.0,15392
2024-04-18,63660.0,64390.0,61005.0,61425.0,12012
2024-04-19,64355.0,65640.0,59635.0,63680.0,12735
2024-04-22,66610.0,66945.0,64495.0,64695.0,10176
2024-04-23,66435.0,67340.0,65795.0,66690.0,9402
2024-04-24,63880.0,67120.0,63435.0,66335.0,12369
2024-04-25,64700.0,65015.0,62770.0,64240.0,9830
2024-04-26,64302.05078125,64760.0,63645.0,64740.0,5338
2024-04-29,63450.0,64620.0,62135.0,64620.0,6714
2024-04-30,59400.0,65335.0,59300.0,63645.0,12130
2024-05-01,57355.0,61150.0,56910.0,60345.0,12640
2024-05-02,59765.0,60070.0,57265.0,58340.0,7940
2024-05-03,62590.0,63660.0,59265.0,59565.0,8896
2024-05-06,63585.0,66015.0,63075.0,64185.0,6195
2024-05-07,63365.0,64835.0,63160.0,63905.0,3917
2024-05-08,62460.0,63445.0,61725.0,63305.0,4441
2024-05-09,62840.0,63120.0,60875.0,62110.0,4727
2024-05-10,60950.0,63890.0,60425.0,62980.0,9605
2024-05-13,63480.0,63855.0,61045.0,61465.0,8495
2024-05-14,61835.0,63485.0,61350.0,63295.0,5849
2024-05-15,66495.0,66870.0,61540.0,61925.0,12434
2024-05-16,65445.0,67135.0,64890.0,66390.0,6307
2024-05-17,67365.0,67865.0,65345.0,65815.0,7980
2024-05-20,70435.0,70805.0,66300.0,66525.0,9663
2024-05-21,69500.0,72360.0,69420.0,70115.0,11094
2024-05-22,69815.0,71010.0,69410.0,70060.0,6283
2024-05-23,67205.0,70370.0,66400.0,69795.0,10274
2024-05-24,69475.0,69585.0,66730.0,68100.0,9374
2024-05-28,68455.0,70855.0,67250.0,68735.0,15960
2024-05-29,67185.0,68965.0,67080.0,68420.0,7983
2024-05-30,68675.0,69670.0,67110.0,67510.0,10686
2024-05-31,67633.7265625,69010.0,67570.0,68330.0,7435
2024-06-03,69660.0,70975.0,68070.0,68200.0,9361
2024-06-04,71085.0,71770.0,68965.0,69560.0,8788
2024-06-05,71890.0,72455.0,70840.0,71155.0,6981
2024-06-06,70960.0,72265.0,70515.0,71840.0,5012
2024-06-07,69755.0,72660.0,68595.0,71260.0,11270
2024-06-10,69875.0,70655.0,69480.0,69995.0,4482
2024-06-11,67735.0,69895.0,66335.0,69775.0,10980
2024-06-12,67875.0,70480.0,67220.0,67710.0,10968
2024-06-13,66860.0,68855.0,66395.0,68855.0,7277
2024-06-14,65640.0,67655.0,65200.0,67260.0,6556
2024-06-17,66865.0,67525.0,65180.0,66350.0,7918
2024-06-18,64475.0,66920.0,64080.0,66695.0,9773
2024-06-20,65100.0,66675.0,64595.0,65190.0,9083
2024-06-21,64260.0,65260.0,63395.0,65185.0,9351
2024-06-24,59145.0,64005.0,58410.0,64005.0,15686
2024-06-25,62055.0,62460.0,59890.0,59950.0,13612
2024-06-26,60940.0,62495.0,60690.0,61995.0,9045
2024-06-27,61365.0,62415.0,60605.0,61000.0,6717
2024-06-28,61024.23046875,62210.0,60895.0,61415.0,8336
2024-07-01,63695.0,64335.0,62085.0,62085.0,9316
2024-07-02,62185.0,63630.0,62035.0,63535.0,6486
2024-07-03,59825.0,62510.0,59740.0,62275.0,7862
2024-07-05,56685.0,60635.0,53635.0,60300.0,18530
2024-07-08,56755.0,58525.0,54580.0,56850.0,10642
2024-07-09,58160.0,58570.0,56540.0,56825.0,7065
2024-07-10,57625.0,59740.0,57365.0,58120.0,6654
2024-07-11,57580.0,59895.0,57235.0,57685.0,7909
2024-07-12,57845.0,58790.0,56685.0,57565.0,6811
2024-07-15,63700.0,64210.0,60845.0,60985.0,13383
2024-07-16,65450.0,65505.0,62680.0,63845.0,11092
2024-07-17,64730.0,66295.0,64015.0,64805.0,8505
2024-07-18,63650.0,65390.0,63340.0,64540.0,7890
2024-07-19,67480.0,67740.0,63430.0,64045.0,17385
2024-07-22,68340.0,68655.0,66670.0,68655.0,13300
2024-07-23,65565.0,68135.0,65495.0,68095.0,12316
2024-07-24,65700.0,67230.0,65535.0,65895.0,10505
2024-07-25,64695.0,65770.0,63440.0,65740.0,8955
2024-07-26,67414.7890625,68010.0,65620.0,65700.0,8446
2024-07-29,67860.0,70825.0,67035.0,68930.0,12489
2024-07-30,66385.0,68135.0,65800.0,67970.0,8097
2024-07-31,65685.0,67360.0,65030.0,66835.0,7240
2024-08-01,63790.0,65720.0,62615.0,65365.0,11015
2024-08-02,62945.0,66065.0,62470.0,65200.0,11759
2024-08-05,53770.0,59445.0,49365.0,58885.0,30884
2024-08-06,57145.0,57420.0,54230.0,54705.0,11490
2024-08-07,55000.0,58030.0,54870.0,56805.0,9708
2024-08-08,59695.0,60240.0,54790.0,55635.0,11456
2024-08-09,60990.0,62970.0,59810.0,60620.0,8408
2024-08-12,59200.0,60910.0,57945.0,59250.0,8516
2024-08-13,61105.0,61895.0,58600.0,59415.0,7446
2024-08-14,59080.0,62200.0,58855.0,61270.0,7782
2024-08-15,57220.0,60050.0,56295.0,59000.0,9285
2024-08-16,59990.0,60130.0,57270.0,57755.0,10524
2024-08-19,59200.0,59810.0,58000.0,59700.0,6577
2024-08-20,59670.0,61650.0,58690.0,59175.0,10871
2024-08-21,61730.0,61995.0,58900.0,59365.0,8981
2024-08-22,60350.0,61700.0,59840.0,61410.0,9974
2024-08-23,63815.0,64000.0,60365.0,60610.0,19987
2024-08-26,63330.0,65200.0,63120.0,64500.0,11300
2024-08-27,62055.0,63510.0,61445.0,63255.0,11849
2024-08-28,58950.0,60485.0,57885.0,60485.0,13769
2024-08-29,59275.0,61235.0,58825.0,59220.0,9497
2024-08-30,59165.640625,59900.0,58700.0,59020.0,9451
2024-09-03,58240.0,60185.0,57315.0,58645.0,11642
2024-09-04,58355.0,58840.0,55725.0,58365.0,10982
2024-09-05,56215.0,58665.0,55955.0,58485.0,10653
2024-09-06,53695.0,57270.0,52820.0,56375.0,14268
2024-09-09,57410.0,57480.0,54545.0,54565.0,14268
2024-09-10,58195.0,58265.0,56610.0,57500.0,6715
2024-09-11,57860.0,58210.0,55645.0,57765.0,12196
2024-09-12,58580.0,58755.0,57415.0,57545.0,7146
2024-09-13,59935.0,60245.0,57810.0,58180.0,9727
2024-09-16,57985.0,59920.0,57550.0,59920.0,9573
2024-09-17,60105.0,61560.0,57665.0,58020.0,14607
2024-09-18,60140.0,61495.0,59270.0,60395.0,10263
2024-09-19,63415.0,64045.0,60345.0,60420.0,11001
2024-09-20,62935.0,64200.0,62430.0,63000.0,10825
2024-09-23,63360.0,64835.0,62430.0,62935.0,10084
2024-09-24,64460.0,64720.0,62745.0,63360.0,12625
2024-09-25,63200.0,64975.0,63005.0,64205.0,10119
2024-09-26,64735.0,65920.0,62670.0,63440.0,11420
2024-09-27,66196.90625,66240.0,64860.0,65185.0,10156
2024-09-30,63745.0,66400.0,63340.0,66285.0,12426
2024-10-01,61965.0,64430.0,60450.0,64040.0,13503
2024-10-02,60430.0,62665.0,60265.0,61360.0,9309
2024-10-03,61295.0,61685.0,60070.0,61000.0,6977
2024-10-04,62715.0,63085.0,60635.0,61125.0,7563
2024-10-07,63560.0,64770.0,62615.0,62675.0,8352
2024-10-08,62400.0,63600.0,61995.0,63600.0,6539
2024-10-09,61115.0,62720.0,60440.0,62545.0,6181
2024-10-10,59795.0,61450.0,58945.0,60920.0,8549
2024-10-11,63305.0,63675.0,59990.0,60220.0,12263
2024-10-14,66145.0,66580.0,62645.0,63150.0,13384
2024-10-15,67220.0,68225.0,65005.0,65950.0,15057
2024-10-16,67925.0,68695.0,66665.0,66670.0,8332
2024-10-17,66905.0,68150.0,66765.0,67810.0,7484
2024-10-18,68785.0,69255.0,67245.0,67245.0,12552
2024-10-21,67790.0,69635.0,66855.0,69295.0,14146
2024-10-22,67490.0,67860.0,66565.0,67780.0,10746
2024-10-23,66360.0,67870.0,65210.0,67610.0,12272
2024-10-24,68215.0,68345.0,66330.0,66430.0,6809
2024-10-25,68430.5078125,68685.0,67315.0,68500.0,10944
2024-10-28,70300.0,70600.0,68070.0,68185.0,8448
2024-10-29,73340.0,74485.0,70460.0,70500.0,13100
2024-10-30,72535.0,73775.0,72135.0,73170.0,7999
2024-10-31,70465.0,73600.0,70080.0,73290.0,11205
2024-11-01,69730.0,72190.0,69230.0,70885.0,11898
2024-11-04,67680.0,69785.0,67140.0,69000.0,10301
2024-11-05,69860.0,70980.0,67740.0,68250.0,8871
2024-11-06,76875.0,77140.0,69645.0,70000.0,29081
2024-11-07,77180.0,77535.0,75070.0,76395.0,11723
2024-11-08,77360.0,77930.0,76225.0,76510.0,10585
2024-11-11,87735.0,89140.0,80670.0,81210.0,22345
2024-11-12,90090.0,90725.0,85890.0,88735.0,21811
2024-11-13,90255.0,94065.0,86925.0,89320.0,20471
2024-11-14,87920.0,92335.0,87345.0,89990.0,12045
2024-11-15,91985.0,92350.0,87005.0,87970.0,12201
2024-11-18,92060.0,93215.0,89755.0,90195.0,12505
2024-11-19,93060.0,94715.0,90770.0,91840.0,14591
2024-11-20,94740.0,95565.0,92005.0,92330.0,13156
2024-11-21,98735.0,99575.0,94290.0,94665.0,20641
2024-11-22,99485.0,100170.0,97430.0,98860.0,17264
2024-11-25,94945.0,99275.0,93490.0,98555.0,18093
2024-11-26,90995.0,95225.0,90785.0,94350.0,15780
2024-11-27,96785.0,97500.0,91475.0,91695.0,10755
2024-11-29,98339.7578125,98560.0,94760.0,96415.0,9278
2024-12-02,96635.0,99565.0,95270.0,98875.0,12122
2024-12-03,96535.0,97395.0,94435.0,96380.0,9601
2024-12-04,99915.0,100280.0,95390.0,97040.0,13087
2024-12-05,99775.0,105325.0,98610.0,99390.0,19550
2024-12-06,102435.0,102990.0,96155.0,97320.0,11218
2024-12-09,96790.0,102265.0,94640.0,101300.0,14138
2024-12-10,96975.0,98985.0,94785.0,97490.0,11149
2024-12-11,102150.0,102465.0,96290.0,97550.0,13648
2024-12-12,100405.0,103225.0,99775.0,102000.0,12579
2024-12-13,102300.0,102605.0,99620.0,100875.0,11146
2024-12-16,106560.0,108475.0,103670.0,103670.0,15357
2024-12-17,107190.0,108960.0,106000.0,106395.0,11429
2024-12-18,100870.0,106960.0,100325.0,106500.0,18669
2024-12-19,96505.0,103190.0,95765.0,101385.0,19910
2024-12-20,96600.0,98435.0,92355.0,98415.0,20236
2024-12-23,93270.0,96595.0,92460.0,95730.0,14664
2024-12-24,99100.0,99685.0,93545.0,95015.0,10649
2024-12-26,95525.0,99995.0,95095.0,98555.0,8202
2024-12-27,94568.296875,97045.0,94450.0,95785.0,7880
2024-12-30,94955.0,95580.0,91735.0,93995.0,8813
2024-12-31,94120.0,97010.0,92615.0,93280.0,5745
2025-01-02,98190.0,98735.0,94830.0,95270.0,8727
2025-01-03,99230.0,99920.0,96770.0,97710.0,6396
2025-01-06,103150.0,103565.0,98660.0,99450.0,11431
2025-01-07,96785.0,103685.0,96525.0,103020.0,16649
2025-01-08,94230.0,97565.0,92745.0,97520.0,9662
2025-01-09,92140.0,95640.0,91300.0,95560.0,8380
2025-01-10,95210.0,96375.0,92350.0,92675.0,12066
2025-01-13,93905.0,96420.0,89525.0,94500.0,16032
2025-01-14,96905.0,97810.0,94550.0,94700.0,11867
2025-01-15,100060.0,101240.0,96855.0,96990.0,12804
2025-01-16,100700.0,101425.0,97555.0,100125.0,10448
2025-01-17,105280.0,106575.0,100190.0,100265.0,13868
2025-01-21,106400.0,110150.0,99745.0,103510.0,31624
2025-01-22,104430.0,106615.0,103465.0,106395.0,10580
2025-01-23,103415.0,107100.0,101280.0,104230.0,26998
2025-01-24,105060.0,107485.0,102860.0,103970.0,16363
2025-01-27,101495.0,104695.0,97650.0,104695.0,25893
2025-01-28,101205.0,103870.0,100300.0,101730.0,14163
2025-01-29,104315.0,104920.0,100950.0,101185.0,10656
2025-01-30,104960.0,106570.0,103345.0,103840.0,9557
2025-01-31,105260.3984375,105280.0,103875.0,105280.0,13151
2025-02-03,101965.0,102875.0,91455.0,98445.0,23146
2025-02-04,99185.0,102635.0,97035.0,102615.0,12852
2025-02-05,97710.0,99735.0,96880.0,98195.0,7679
2025-02-06,97285.0,99765.0,96030.0,96990.0,9256
2025-02-07,95990.0,100765.0,95890.0,97260.0,11785
2025-02-10,97680.0,98755.0,95505.0,95990.0,7178
2025-02-11,95425.0,98960.0,95065.0,97725.0,8935
2025-02-12,97395.0,98295.0,94285.0,95925.0,9596
2025-02-13,96510.0,98440.0,95370.0,98300.0,10729
2025-02-14,97555.0,99350.0,96440.0,96640.0,9907
2025-02-18,94055.0,97200.0,93305.0,97110.0,15289
2025-02-19,96305.0,96890.0,95065.0,95205.0,10523
2025-02-20,98705.0,98990.0,96515.0,96890.0,11812
2025-02-21,94675.0,99765.0,94580.0,98455.0,20717
2025-02-24,93990.0,96625.0,93570.0,95650.0,14306
2025-02-25,87945.0,92755.0,85820.0,92755.0,22693
2025-02-26,84285.0,89285.0,82185.0,88695.0,15942
2025-02-27,83375.0,87015.0,82600.0,84250.0,8586
2025-02-28,83592.75,84890.0,78330.0,84590.0,17881
2025-03-03,86315.0,95705.0,85485.0,95000.0,14921
2025-03-04,87330.0,89380.0,81815.0,86970.0,14112
2025-03-05,90935.0,91530.0,86750.0,87825.0,9646
2025-03-06,89460.0,93210.0,88155.0,91075.0,9412
2025-03-07,87250.0,91665.0,84790.0,90590.0,18525
2025-03-10,79025.0,84200.0,77530.0,82110.0,14120
2025-03-11,83395.0,83850.0,76735.0,79600.0,11375
2025-03-12,83155.0,84650.0,80740.0,83385.0,9080
2025-03-13,80245.0,84550.0,80040.0,83335.0,8097
2025-03-14,84840.0,85595.0,80760.0,80820.0,10850
2025-03-17,84610.0,84925.0,82175.0,82945.0,6936
2025-03-18,82230.0,84390.0,81120.0,84225.0,8993
2025-03-19,85635.0,86145.0,82075.0,82120.0,10604
2025-03-20,84195.0,87650.0,83655.0,86015.0,8120
2025-03-21,83955.0,84865.0,83140.0,84415.0,9024
2025-03-24,88415.0,88865.0,85135.0,85135.0,12501
2025-03-25,88155.0,88595.0,86315.0,88265.0,10595
2025-03-26,86525.0,88355.0,85810.0,87960.0,8212
2025-03-27,87025.0,87785.0,85805.0,87130.0,7634
2025-03-28,84201.0,87605.0,83855.0,87605.0,11000
2025-03-31,82710.0,84250.0,81485.0,82505.0,7917
2025-04-01,85350.0,85955.0,82485.0,82805.0,11676
2025-04-02,87375.0,89020.0,84285.0,85600.0,11509
2025-04-03,82165.0,85240.0,81400.0,85135.0,12706
2025-04-04,84350.0,85060.0,81890.0,82845.0,14524
2025-04-07,78245.0,81450.0,74635.0,79590.0,24238
2025-04-08,76815.0,81100.0,76390.0,79490.0,13587
2025-04-09,82615.0,83550.0,74655.0,77065.0,17299
2025-04-10,79695.0,83880.0,78495.0,83410.0,12134
2025-04-11,84095.0,84490.0,79055.0,79750.0,12142
2025-04-14,85165.0,86045.0,83205.0,83765.0,7593
2025-04-15,84160.0,86755.0,83970.0,85005.0,6196
2025-04-16,84535.0,85745.0,83190.0,84435.0,8532
2025-04-17,85110.0,85700.0,83905.0,84680.0,8467
2025-04-21,87535.0,88785.0,84790.0,85235.0,17367
2025-04-22,91660.0,91970.0,87070.0,87450.0,16180
2025-04-23,93605.0,94745.0,92005.0,93010.0,12543
2025-04-24,93625.0,93950.0,91785.0,93645.0,6923
2025-04-25,95127.0,95150.0,92890.0,93450.0,7972
2025-04-28,95505.0,96470.0,93550.0,95280.0,7250
2025-04-29,95980.0,96275.0,94910.0,95220.0,5127
2025-04-30,94695.0,96040.0,93445.0,95410.0,8406
2025-05-01,97205.0,98305.0,94635.0,94980.0,9122
2025-05-02,97505.0,98615.0,96885.0,97245.0,6982
2025-05-05,94730.0,96455.0,93945.0,96455.0,7425
2025-05-06,95410.0,95640.0,93685.0,95155.0,5208
2025-05-07,96655.0,98200.0,95070.0,95080.0,8984
2025-05-08,101780.0,103300.0,97350.0,97720.0,10301
2025-05-09,103635.0,104825.0,102785.0,103110.0,7123
2025-05-12,102115.0,106270.0,101060.0,104685.0,10215
2025-05-13,105265.0,105480.0,101820.0,102865.0,6162
2025-05-14,103620.0,104955.0,102930.0,104870.0,6062
2025-05-15,103500.0,104590.0,101705.0,103945.0,7004
2025-05-16,104425.0,104990.0,103525.0,103660.0,5046
2025-05-19,105880.0,107530.0,102350.0,104425.0,11476
2025-05-20,107360.0,107680.0,104435.0,105820.0,9238
2025-05-21,108960.0,110175.0,106340.0,106885.0,14024
2025-05-22,111440.0,112345.0,108605.0,108820.0,12565
2025-05-23,108885.0,112060.0,107580.0,111190.0,12169
2025-05-27,110025.0,110980.0,107495.0,107540.0,16538
2025-05-28,107005.0,109425.0,106770.0,109185.0,9036
2025-05-29,105645.0,109030.0,105565.0,107470.0,9525
2025-05-30,105462.0,106360.0,104800.0,106235.0,8271
2025-06-02,105005.0,106540.0,104100.0,105835.0,6536
2025-06-03,106850.0,107495.0,105390.0,105600.0,7557
2025-06-04,105485.0,106520.0,104595.0,105920.0,7286
2025-06-05,102215.0,106555.0,100815.0,105340.0,0
2025-06-06,104770.0,105945.0,101390.0,101865.0,10118
2025-06-09,109125.0,109340.0,105735.0,106550.0,7419
2025-06-10,109980.0,110890.0,108720.0,110375.0,7095
2025-06-11,109160.0,110855.0,108765.0,110225.0,6715
2025-06-12,107095.0,109240.0,106130.0,108785.0,8880
2025-06-13,105380.0,106630.0,103010.0,106310.0,11304
2025-06-16,108920.0,109250.0,105060.0,105080.0,7846
2025-06-17,104910.0,109305.0,103520.0,108930.0,12013
2025-06-18,103965.0,105740.0,103620.0,104690.0,0
2025-06-20,103420.0,106725.0,102425.0,105105.0,12592
2025-06-23,103295.0,104075.0,99090.0,99640.0,15341
2025-06-24,105745.0,106430.0,103850.0,103965.0,11444
2025-06-25,107840.0,108300.0,105955.0,106085.0,9440
2025-06-26,107605.0,108370.0,106655.0,107635.0,6502
2025-06-27,106689.0,107850.0,106455.0,107235.0,7519
2025-06-30,108235.0,109565.0,107195.0,108300.0,8524
2025-07-01,105750.0,108105.0,105550.0,107770.0,8266
2025-07-02,110285.0,110455.0,105440.0,106125.0,12710
2025-07-03,110415.0,111220.0,109200.0,110105.0,0
2025-07-04,108125.0,110525.0,107865.0,110465.0,0
2025-07-07,108455.0,110265.0,107840.0,109640.0,8811
2025-07-08,109215.0,109685.0,107680.0,108545.0,6070
2025-07-09,112245.0,112590.0,108625.0,109400.0,10179
2025-07-10,113870.0,114380.0,110880.0,111425.0,9952
2025-07-11,118530.0,119450.0,115635.0,117005.0,13508
2025-07-14,120235.0,123615.0,118675.0,119265.0,13303
2025-07-15,116740.0,120695.0,116090.0,120325.0,14057
2025-07-16,119630.0,120360.0,117255.0,117510.0,12242
2025-07-17,119290.0,120265.0,117720.0,119830.0,8349
2025-07-18,117565.0,121165.0,117035.0,120600.0,12472
2025-07-21,116820.0,119850.0,116635.0,118225.0,13537
2025-07-22,119505.0,120535.0,116275.0,117255.0,15169
2025-07-23,118555.0,120540.0,117430.0,119830.0,9634
2025-07-24,119035.0,119780.0,117305.0,118400.0,8605
2025-07-25,115485.0,118760.0,114720.0,118680.0,11239
2025-07-28,119010.0,121255.0,118295.0,120065.0,7710
2025-07-29,118295.0,120415.0,117715.0,119120.0,6904
2025-07-30,117620.0,119740.0,116460.0,118460.0,9059
2025-07-31,117435.0,119785.0,117095.0,117985.0,8517
2025-08-01,113570.0,117125.0,113440.0,117055.0,13519
2025-08-04,115285.0,116315.0,114300.0,114365.0,6446
2025-08-05,114155.0,115870.0,113045.0,115700.0,6224
2025-08-06,115830.0,116330.0,113860.0,114055.0,5863
2025-08-07,118165.0,118240.0,114685.0,115635.0,8082
2025-08-08,116955.0,118405.0,116295.0,117750.0,6741
2025-08-11,119465.0,122955.0,118975.0,119170.0,11073
2025-08-12,120155.0,120755.0,118600.0,119185.0,6998
2025-08-13,123430.0,123755.0,119295.0,120435.0,9742
2025-08-14,118415.0,125200.0,117610.0,123260.0,14464
2025-08-15,117235.0,119810.0,117175.0,118180.0,6722
2025-08-18,116600.0,118350.0,114925.0,117995.0,6712
2025-08-19,113235.0,117315.0,112820.0,116980.0,9349
2025-08-20,114465.0,114640.0,112485.0,113520.0,7322
2025-08-21,112285.0,115030.0,112075.0,114520.0,6532
2025-08-22,116850.0,117640.0,111805.0,112750.0,14666
2025-08-25,110910.0,113800.0,109590.0,113450.0,13329
2025-08-26,111230.0,111495.0,108845.0,110005.0,10272
2025-08-27,112220.0,112785.0,110420.0,111645.0,6848
2025-08-28,112025.0,113540.0,111020.0,111590.0,7560
2025-08-29,108654.0,112675.0,108465.0,112165.0,0
2025-09-02,111385.0,112410.0,107790.0,109545.0,10621
2025-09-03,112830.0,113215.0,111150.0,111725.0,5467
2025-09-04,110245.0,112840.0,109720.0,112710.0,6606
2025-09-05,111955.0,113810.0,110480.0,110950.0,9208
2025-09-08,112480.0,113420.0,111000.0,111320.0,5280
2025-09-09,111695.0,113840.0,111015.0,112820.0,8145
2025-09-10,113975.0,114925.0,111230.0,111690.0,9346
2025-09-11,114930.0,115195.0,113590.0,114360.0,5866
2025-09-12,117265.0,117320.0,114850.0,114915.0,6959
2025-09-15,115575.0,117240.0,114635.0,116625.0,7998
2025-09-16,117090.0,117335.0,114960.0,115800.0,6283
2025-09-17,115825.0,117685.0,114850.0,117205.0,9267
2025-09-18,117770.0,118295.0,116115.0,116115.0,9064
2025-09-19,115265.0,117795.0,115220.0,117565.0,10741
2025-09-22,112250.0,115655.0,111970.0,115525.0,14288
2025-09-23,111715.0,113470.0,111550.0,113060.0,11325
2025-09-24,113480.0,114090.0,111060.0,112170.0,9099
2025-09-25,109385.0,113775.0,108555.0,113480.0,10692
2025-09-26,109196.0,109795.0,108715.0,109455.0,6790
2025-09-29,115230.0,115340.0,111355.0,111355.0,8691
2025-09-30,115185.0,115765.0,113460.0,115045.0,5668
2025-10-01,118285.0,119145.0,114570.0,115065.0,7808
2025-10-02,121910.0,122040.0,118470.0,118470.0,7472
2025-10-03,123635.0,125025.0,120405.0,121295.0,9012
2025-10-06,126315.0,127240.0,123745.0,123755.0,8255
2025-10-07,122355.0,126295.0,121420.0,126125.0,10266
2025-10-08,124070.0,124940.0,121950.0,122820.0,7275
2025-10-09,121620.0,124465.0,120370.0,123995.0,8681
2025-10-10,116990.0,123270.0,113150.0,122225.0,12111
2025-10-13,116380.0,116515.0,114110.0,115750.0,12111
2025-10-14,113085.0,116385.0,110295.0,116270.0,11836
2025-10-15,111550.0,114040.0,110410.0,113710.0,8352
2025-10-16,108445.0,112280.0,107720.0,111080.0,10146
2025-10-17,106675.0,109470.0,103745.0,108645.0,11773
2025-10-20,111075.0,111945.0,107690.0,109100.0,8615
2025-10-21,112105.0,114380.0,107705.0,110845.0,12978
2025-10-22,107945.0,111065.0,106950.0,111040.0,12764
2025-10-23,110420.0,111555.0,107055.0,107475.0,8957
2025-10-24,110740.0,112355.0,109820.0,109920.0,10724
2025-10-27,115070.0,116570.0,113495.0,113495.0,13226
2025-10-28,113745.0,116285.0,112410.0,114480.0,12376
2025-10-29,110630.0,113775.0,109300.0,113145.0,11725
2025-10-30,106440.0,111785.0,106210.0,111565.0,10752
2025-10-31,110431.0,110810.0,107535.0,107725.0,7573
2025-11-03,107070.0,111290.0,105755.0,110370.0,0
2025-11-04,101030.0,107770.0,99250.0,106960.0,12895
2025-11-05,104240.0,105030.0,99285.0,101575.0,8481
2025-11-06,101210.0,104590.0,100610.0,104150.0,6986
2025-11-07,104030.0,104220.0,99425.0,101650.0,8512
2025-11-10,106365.0,107030.0,104565.0,105120.0,8084
2025-11-11,102955.0,107900.0,102610.0,106410.0,6046
2025-11-12,101735.0,105635.0,101020.0,103160.0,6042
2025-11-13,98125.0,104305.0,97905.0,102160.0,11064
2025-11-14,94365.0,100495.0,94230.0,99705.0,13813
2025-11-17,91970.0,96145.0,91315.0,94320.0,11735
2025-11-18,92925.0,93960.0,89325.0,92175.0,12227
2025-11-19,89580.0,93290.0,88600.0,93185.0,12015
2025-11-20,86440.0,93225.0,86075.0,90560.0,15726
2025-11-21,84600.0,88150.0,80750.0,88080.0,23894
2025-11-24,89175.0,89240.0,85200.0,88220.0,17647
2025-11-25,87420.0,88770.0,86135.0,88690.0,13584
2025-11-26,89915.0,90500.0,86250.0,87585.0,12702
2025-11-28,92456.0,93045.0,90125.0,90480.0,5783
2025-12-01,85760.0,91660.0,84120.0,91620.0,12479
2025-12-02,91455.0,92705.0,86500.0,86935.0,11104
2025-12-03,93265.0,94310.0,91405.0,92300.0,8156
2025-12-04,92840.0,94440.0,91165.0,94195.0,5775
2025-12-05,89600.0,92995.0,88405.0,92590.0,6582
2025-12-08,90990.0,92620.0,89800.0,89820.0,6247
2025-12-09,93340.0,94950.0,89770.0,91090.0,8336
2025-12-10,92785.0,94800.0,91810.0,93040.0,7892
2025-12-11,92010.0,93850.0,89440.0,92715.0,9795
2025-12-12,90440.0,93070.0,89640.0,92725.0,7106
2025-12-15,85985.0,90250.0,85325.0,88575.0,11232
2025-12-16,87795.0,88355.0,85365.0,86305.0,7546
2025-12-17,85965.0,90565.0,85405.0,88015.0,11267
2025-12-18,84820.0,89660.0,84505.0,86445.0,12690
2025-12-19,88060.0,89510.0,85135.0,85585.0,11174
2025-12-22,88390.0,90610.0,87870.0,88570.0,11170
2025-12-23,87685.0,88980.0,86580.0,88570.0,7850
2025-12-24,87245.0,87795.0,86380.0,87180.0,4565
2025-12-26,86923.0,89530.0,86475.0,87555.0,7516
2025-12-29,87560.0,90990.0,87075.0,88200.0,9215
2025-12-30,88260.0,89960.0,87125.0,87670.0,6718
2025-12-31,87885.0,89705.0,87470.0,88825.0,5505
2026-01-02,90190.0,91555.0,88720.0,88775.0,11637
2026-01-05,94585.0,95245.0,91595.0,91595.0,11776
2026-01-06,92795.0,94885.0,91460.0,94525.0,10983
2026-01-07,91235.0,94190.0,90880.0,93730.0,8553
2026-01-08,91105.0,91840.0,89410.0,91280.0,6706
2026-01-09,90405.0,92275.0,89825.0,91510.0,7200
2026-01-12,91660.0,92830.0,90180.0,90720.0,11248
2026-01-13,94715.0,94850.0,91145.0,91330.0,9775
2026-01-14,97965.0,98200.0,94790.0,95905.0,11762
2026-01-15,95355.0,97700.0,95285.0,97250.0,8313
2026-01-16,95665.0,96060.0,94395.0,95660.0,5550
2026-01-20,89665.0,95600.0,89255.0,95340.0,12815
2026-01-21,90230.0,90600.0,87270.0,88495.0,9814
2026-01-22,89445.0,90425.0,88490.0,89890.0,7744
2026-01-23,89500.0,91290.0,88550.0,89430.0,11792
2026-01-26,87585.0,88875.0,85900.0,86560.0,11652
2026-01-27,89390.0,89545.0,87210.0,88065.0,11765
2026-01-28,89080.0,90525.0,88770.0,89240.0,10163
2026-01-29,84055.0,89385.0,83210.0,89270.0,8619
2026-01-30,83005.0,84565.0,81220.0,84355.0,9214
2026-02-02,78205.0,79660.0,74785.0,77730.0,15793
2026-02-03,76680.0,79435.0,73085.0,79000.0,11127
2026-02-04,73570.0,77110.0,72170.0,75825.0,10571
2026-02-05,63795.0,73575.0,62480.0,72550.0,23247
2026-02-06,70260.0,71690.0,60005.0,64065.0,23011
2026-02-09,70945.0,72760.0,68400.0,71310.0,9395
2026-02-10,68935.0,70740.0,68000.0,70520.0,6476
2026-02-11,67715.0,69415.0,65825.0,68810.0,9000
2026-02-12,65500.0,68520.0,65200.0,67635.0,9747
2026-02-13,68835.0,69580.0,65970.0,66240.0,9563
2026-02-17,67865.0,70170.0,66635.0,69120.0,10389
2026-02-18,66330.0,68570.0,65895.0,67625.0,7503
2026-02-19,67205.0,67400.0,65680.0,66425.0,7266
2026-02-20,67825.0,68450.0,66565.0,66970.0,10745
2026-02-23,64510.0,67760.0,63940.0,67665.0,16367
2026-02-24,64545.0,65060.0,62590.0,64655.0,12706
2026-02-25,69220.0,70065.0,63940.0,64230.0,14340
2026-02-26,67455.0,68895.0,66555.0,68465.0,9942
2026-02-27,66071.0,68225.0,65735.0,67660.0,8151
2026-03-02,69480.0,70445.0,65000.0,65405.0,16467
2026-03-03,68465.0,69740.0,66385.0,69545.0,12016
2026-03-04,73445.0,74365.0,67615.0,68600.0,15851
2026-03-05,71530.0,73825.0,70845.0,73075.0,9707
2026-03-06,68295.0,71645.0,67860.0,71390.0,8776
2026-03-09,69205.0,69750.0,65685.0,67085.0,9896
2026-03-10,70195.0,72030.0,68485.0,69175.0,10488
2026-03-11,70825.0,71560.0,69080.0,70005.0,6439
2026-03-12,70645.0,71145.0,69345.0,70910.0,7015
2026-03-13,71325.0,74210.0,70200.0,70445.0,13564
2026-03-16,74120.0,74745.0,73105.0,73930.0,9491
2026-03-17,74685.0,76190.0,73305.0,74655.0,7725
2026-03-18,71115.0,74895.0,70585.0,74765.0,10535
2026-03-19,70360.0,71755.0,68835.0,71275.0,7332
2026-03-20,70220.0,71480.0,69440.0,70430.0,9261
2026-03-23,70735.0,71860.0,67460.0,67995.0,13508
2026-03-24,69355.0,71490.0,68915.0,70980.0,12370
2026-03-25,70860.0,72095.0,70175.0,70320.0,10251
2026-03-26,68490.0,71595.0,68100.0,71075.0,8716
2026-03-27,66233.0,68980.0,65535.0,68860.0,8861
2026-03-30,66675.0,68420.0,65090.0,66765.0,7722
2026-03-31,68035.0,68805.0,66125.0,67200.0,9439
2026-04-01,68340.0,69585.0,67750.0,68510.0,6794
2026-04-02,67180.0,68875.0,65850.0,68500.0,9204
2026-04-06,69945.0,70600.0,67570.0,67755.0,10100
2026-04-07,69170.0,69795.0,67835.0,69780.0,8612
2026-04-08,71475.0,73080.0,70055.0,70055.0,12839
2026-04-09,72290.0,72800.0,70650.0,71690.0,7342
2026-04-10,73485.0,73820.0,71570.0,72510.0,7194
2026-04-13,73505.0,73660.0,70535.0,71520.0,9210
2026-04-14,74400.0,76320.0,73400.0,73400.0,12253
2026-04-15,75175.0,75445.0,73420.0,74370.0,7128
2026-04-16,75510.0,75655.0,73185.0,75160.0,7104
2026-04-17,77600.0,78545.0,74645.0,75205.0,14595
2026-04-20,76380.0,76685.0,73810.0,74600.0,12610
2026-04-21,75060.0,77030.0,74860.0,76100.0,10863
2026-04-22,78935.0,79600.0,75415.0,75550.0,13445
2026-04-23,77760.0,78900.0,76985.0,78830.0,8432
2026-04-24,77938.0,78620.0,77465.0,77950.0,8432
